"","country","year","risk_factor","totalcase"
"1","Afghanistan",2019,"alc",943
"2","Albania",2019,"alc",119
"3","Algeria",2019,"alc",920
"4","Andorra",2019,"alc",0
"5","Angola",2019,"alc",24500
"6","Antigua and Barbuda",2019,"alc",0
"7","Argentina",2019,"alc",3330
"8","Armenia",2019,"alc",201
"9","Australia",2019,"alc",308
"10","Austria",2019,"alc",230
"11","Azerbaijan",2019,"alc",1439
"12","Bahamas",2019,"alc",13
"13","Bahrain",2019,"alc",14
"14","Bangladesh",2019,"alc",12880
"15","Barbados",2019,"alc",0
"16","Belarus",2019,"alc",1695
"17","Belgium",2019,"alc",316
"18","Belize",2019,"alc",30
"19","Benin",2019,"alc",1590
"20","Bhutan",2019,"alc",104
"21","Bolivia (Plurinational State of)",2019,"alc",3130
"22","Bosnia and Herzegovina",2019,"alc",226
"23","Botswana",2019,"alc",1516
"24","Brazil",2019,"alc",18200
"25","Brunei Darussalam",2019,"alc",26
"26","Bulgaria",2019,"alc",399
"27","Burkina Faso",2019,"alc",771
"28","Burundi",2019,"alc",3110
"29","Cabo Verde",2019,"alc",68
"30","Cambodia",2019,"alc",9850
"31","Cameroon",2019,"alc",11900
"32","Canada",2019,"alc",602
"33","Central African Republic",2019,"alc",3780
"34","Chad",2019,"alc",710
"35","Chile",2019,"alc",859
"36","China",2019,"alc",164200
"37","Colombia",2019,"alc",5000
"38","Comoros",2019,"alc",9
"39","Congo",2019,"alc",1772
"40","Cook Islands",2019,"alc",0
"41","Costa Rica",2019,"alc",139
"42","Côte d'Ivoire",2019,"alc",12300
"43","Croatia",2019,"alc",78
"44","Cuba",2019,"alc",214
"45","Cyprus",2019,"alc",15
"46","Czechia",2019,"alc",147
"47","Democratic People's Republic of Korea",2019,"alc",19760
"48","Democratic Republic of the Congo",2019,"alc",51300
"49","Denmark",2019,"alc",83
"50","Djibouti",2019,"alc",80
"51","Dominica",2019,"alc",2
"52","Dominican Republic",2019,"alc",1210
"53","Ecuador",2019,"alc",2130
"54","Egypt",2019,"alc",730
"55","El Salvador",2019,"alc",949
"56","Equatorial Guinea",2019,"alc",601
"57","Eritrea",2019,"alc",261
"58","Estonia",2019,"alc",77
"59","Eswatini",2019,"alc",1084
"60","Ethiopia",2019,"alc",15520
"61","Fiji",2019,"alc",95
"62","Finland",2019,"alc",86
"63","France",2019,"alc",1590
"64","Gabon",2019,"alc",2870
"65","Gambia",2019,"alc",175
"66","Georgia",2019,"alc",600
"67","Germany",2019,"alc",1420
"68","Ghana",2019,"alc",6850
"69","Greece",2019,"alc",122
"70","Grenada",2019,"alc",0
"71","Guatemala",2019,"alc",1050
"72","Guinea",2019,"alc",710
"73","Guinea-Bissau",2019,"alc",315
"74","Guyana",2019,"alc",181
"75","Haiti",2019,"alc",4710
"76","Honduras",2019,"alc",788
"77","Hungary",2019,"alc",391
"78","Iceland",2019,"alc",2
"79","India",2019,"alc",492800
"80","Indonesia",2019,"alc",28000
"81","Iran (Islamic Republic of)",2019,"alc",450
"82","Iraq",2019,"alc",275
"83","Ireland",2019,"alc",91
"84","Israel",2019,"alc",60
"85","Italy",2019,"alc",260
"86","Jamaica",2019,"alc",15
"87","Japan",2019,"alc",2520
"88","Jordan",2019,"alc",6
"89","Kazakhstan",2019,"alc",3130
"90","Kenya",2019,"alc",22790
"91","Kiribati",2019,"alc",87
"92","Kuwait",2019,"alc",16
"93","Kyrgyzstan",2019,"alc",1650
"94","Lao People's Democratic Republic",2019,"alc",2340
"95","Latvia",2019,"alc",263
"96","Lebanon",2019,"alc",238
"97","Lesotho",2019,"alc",3120
"98","Liberia",2019,"alc",2850
"99","Libya",2019,"alc",54
"100","Lithuania",2019,"alc",494
"101","Luxembourg",2019,"alc",15
"102","Madagascar",2019,"alc",6650
"103","Malawi",2019,"alc",3550
"104","Malaysia",2019,"alc",4030
"105","Maldives",2019,"alc",20
"106","Mali",2019,"alc",370
"107","Malta",2019,"alc",9
"108","Mauritania",2019,"alc",72
"109","Mauritius",2019,"alc",33
"110","Mexico",2019,"alc",3099
"111","Micronesia (Federated States of)",2019,"alc",17
"112","Mongolia",2019,"alc",3970
"113","Montenegro",2019,"alc",23
"114","Morocco",2019,"alc",699
"115","Mozambique",2019,"alc",11680
"116","Myanmar",2019,"alc",12460
"117","Namibia",2019,"alc",2980
"118","Nauru",2019,"alc",3
"119","Nepal",2019,"alc",5590
"120","Netherlands",2019,"alc",58
"121","New Zealand",2019,"alc",58
"122","Nicaragua",2019,"alc",688
"123","Niger",2019,"alc",640
"124","Nigeria",2019,"alc",11170
"125","Niue",2019,"alc",0
"126","North Macedonia",2019,"alc",58
"127","Norway",2019,"alc",47
"128","Oman",2019,"alc",6
"129","Pakistan",2019,"alc",9080
"130","Palau",2019,"alc",0
"131","Panama",2019,"alc",419
"132","Papua New Guinea",2019,"alc",5830
"133","Paraguay",2019,"alc",899
"134","Peru",2019,"alc",12900
"135","Philippines",2019,"alc",126300
"136","Poland",2019,"alc",2820
"137","Portugal",2019,"alc",555
"138","Qatar",2019,"alc",13
"139","Republic of Korea",2019,"alc",14800
"140","Republic of Moldova",2019,"alc",859
"141","Romania",2019,"alc",1670
"142","Russian Federation",2019,"alc",47000
"143","Rwanda",2019,"alc",2112
"144","Saint Kitts and Nevis",2019,"alc",0
"145","Saint Lucia",2019,"alc",0
"146","Saint Vincent and the Grenadines",2019,"alc",0
"147","Samoa",2019,"alc",3
"148","Sao Tome and Principe",2019,"alc",60
"149","Saudi Arabia",2019,"alc",51
"150","Senegal",2019,"alc",620
"151","Serbia",2019,"alc",304
"152","Seychelles",2019,"alc",4
"153","Sierra Leone",2019,"alc",3130
"154","Singapore",2019,"alc",123
"155","Slovakia",2019,"alc",82
"156","Slovenia",2019,"alc",52
"157","Solomon Islands",2019,"alc",78
"158","Somalia",2019,"alc",570
"159","South Africa",2019,"alc",92200
"160","Spain",2019,"alc",296
"161","Sri Lanka",2019,"alc",1923
"162","Sudan",2019,"alc",1569
"163","Suriname",2019,"alc",45
"164","Sweden",2019,"alc",206
"165","Switzerland",2019,"alc",157
"166","Syrian Arab Republic",2019,"alc",77
"167","Tajikistan",2019,"alc",302
"168","Thailand",2019,"alc",24600
"169","Timor-Leste",2019,"alc",488
"170","Togo",2019,"alc",1043
"171","Tonga",2019,"alc",1
"172","Trinidad and Tobago",2019,"alc",69
"173","Tunisia",2019,"alc",106
"174","Turkey",2019,"alc",2700
"175","Turkmenistan",2019,"alc",618
"176","Tuvalu",2019,"alc",5
"177","Uganda",2019,"alc",21100
"178","Ukraine",2019,"alc",8820
"179","United Arab Emirates",2019,"alc",2
"180","United Kingdom of Great Britain and Northern Ireland",2019,"alc",1760
"181","United Republic of Tanzania",2019,"alc",33900
"182","United States of America",2019,"alc",4880
"183","Uruguay",2019,"alc",323
"184","Uzbekistan",2019,"alc",4600
"185","Vanuatu",2019,"alc",21
"186","Venezuela (Bolivarian Republic of)",2019,"alc",3340
"187","Viet Nam",2019,"alc",40200
"188","Yemen",2019,"alc",209
"189","Zambia",2019,"alc",12630
"190","Zimbabwe",2019,"alc",7060
"191","Afghanistan",2019,"all",360000
"192","Albania",2019,"all",2360
"193","Algeria",2019,"all",130110
"194","American Samoa",2019,"all",8
"195","Andorra",2019,"all",29
"196","Angola",2019,"all",559000
"197","Anguilla",2019,"all",0
"198","Antigua and Barbuda",2019,"all",0
"199","Argentina",2019,"all",65560
"200","Armenia",2019,"all",3875
"201","Aruba",2019,"all",10
"202","Australia",2019,"all",8622
"203","Austria",2019,"all",2806
"204","Azerbaijan",2019,"all",30036
"205","Bahamas",2019,"all",293
"206","Bahrain",2019,"all",1014
"207","Bangladesh",2019,"all",1803600
"208","Barbados",2019,"all",0
"209","Belarus",2019,"all",13805
"210","Belgium",2019,"all",5111
"211","Belize",2019,"all",513
"212","Benin",2019,"all",32450
"213","Bermuda",2019,"all",10
"214","Bhutan",2019,"all",6326
"215","Bolivia (Plurinational State of)",2019,"all",60370
"216","Bosnia and Herzegovina",2019,"all",4488
"217","Botswana",2019,"all",29070
"218","Brazil",2019,"all",479580
"219","British Virgin Islands",2019,"all",5
"220","Brunei Darussalam",2019,"all",1391
"221","Bulgaria",2019,"all",7091
"222","Burkina Faso",2019,"all",47910
"223","Burundi",2019,"all",61150
"224","Cabo Verde",2019,"all",1266
"225","Cambodia",2019,"all",236330
"226","Cameroon",2019,"all",230800
"227","Canada",2019,"all",10461
"228","Cayman Islands",2019,"all",19
"229","Central African Republic",2019,"all",127710
"230","Chad",2019,"all",113810
"231","Chile",2019,"all",16684
"232","China",2019,"all",4165500
"233","China, Hong Kong SAR",2019,"all",23240
"234","China, Macao SAR",2019,"all",2090
"235","Colombia",2019,"all",89060
"236","Comoros",2019,"all",1489
"237","Congo",2019,"all",101000
"238","Cook Islands",2019,"all",10
"239","Costa Rica",2019,"all",2543
"240","Côte d'Ivoire",2019,"all",176980
"241","Croatia",2019,"all",1645
"242","Cuba",2019,"all",3643
"243","Curaçao",2019,"all",58
"244","Cyprus",2019,"all",315
"245","Czechia",2019,"all",2624
"246","Democratic People's Republic of Korea",2019,"all",658500
"247","Democratic Republic of the Congo",2019,"all",1387600
"248","Denmark",2019,"all",1452
"249","Djibouti",2019,"all",11458
"250","Dominica",2019,"all",58
"251","Dominican Republic",2019,"all",22507
"252","Ecuador",2019,"all",39698
"253","Egypt",2019,"all",58720
"254","El Salvador",2019,"all",18816
"255","Equatorial Guinea",2019,"all",12248
"256","Eritrea",2019,"all",15092
"257","Estonia",2019,"all",848
"258","Eswatini",2019,"all",20860
"259","Ethiopia",2019,"all",784500
"260","Fiji",2019,"all",2955
"261","Finland",2019,"all",1295
"262","France",2019,"all",28273
"263","French Polynesia",2019,"all",278
"264","Gabon",2019,"all",56270
"265","Gambia",2019,"all",18498
"266","Georgia",2019,"all",14907
"267","Germany",2019,"all",24470
"268","Ghana",2019,"all",217500
"269","Greece",2019,"all",2252
"270","Greenland",2019,"all",361
"271","Grenada",2019,"all",15
"272","Guam",2019,"all",456
"273","Guatemala",2019,"all",23130
"274","Guinea",2019,"all",111430
"275","Guinea-Bissau",2019,"all",34780
"276","Guyana",2019,"all",3097
"277","Haiti",2019,"all",96150
"278","Honduras",2019,"all",15090
"279","Hungary",2019,"all",3042
"280","Iceland",2019,"all",74
"281","India",2019,"all",13182000
"282","Indonesia",2019,"all",4226000
"283","Iran (Islamic Republic of)",2019,"all",53560
"284","Iraq",2019,"all",80490
"285","Ireland",2019,"all",1419
"286","Israel",2019,"all",1242
"287","Italy",2019,"all",21481
"288","Jamaica",2019,"all",469
"289","Japan",2019,"all",83952
"290","Jordan",2019,"all",2776
"291","Kazakhstan",2019,"all",63538
"292","Kenya",2019,"all",702100
"293","Kiribati",2019,"all",2548
"294","Kuwait",2019,"all",4558
"295","Kyrgyzstan",2019,"all",35357
"296","Lao People's Democratic Republic",2019,"all",55380
"297","Latvia",2019,"all",2465
"298","Lebanon",2019,"all",4357
"299","Lesotho",2019,"all",69660
"300","Liberia",2019,"all",76120
"301","Libya",2019,"all",19971
"302","Lithuania",2019,"all",5803
"303","Luxembourg",2019,"all",277
"304","Madagascar",2019,"all",315100
"305","Malawi",2019,"all",135450
"306","Malaysia",2019,"all",145230
"307","Maldives",2019,"all",951
"308","Mali",2019,"all",51190
"309","Malta",2019,"all",297
"310","Marshall Islands",2019,"all",1418
"311","Mauritania",2019,"all",20035
"312","Mauritius",2019,"all",738
"313","Mexico",2019,"all",148260
"314","Micronesia (Federated States of)",2019,"all",563
"315","Monaco",2019,"all",0
"316","Mongolia",2019,"all",69450
"317","Montenegro",2019,"all",460
"318","Montserrat",2019,"all",0
"319","Morocco",2019,"all",176300
"320","Mozambique",2019,"all",548400
"321","Myanmar",2019,"all",871200
"322","Namibia",2019,"all",60880
"323","Nauru",2019,"all",95
"324","Nepal",2019,"all",340300
"325","Netherlands",2019,"all",4290
"326","New Caledonia",2019,"all",132
"327","New Zealand",2019,"all",1803
"328","Nicaragua",2019,"all",13943
"329","Niger",2019,"all",98750
"330","Nigeria",2019,"all",2201600
"331","Niue",2019,"all",0
"332","North Macedonia",2019,"all",1238
"333","Northern Mariana Islands",2019,"all",293
"334","Norway",2019,"all",881
"335","occupied Palestinian territory, including east Jerusalem",2019,"all",131
"336","Oman",2019,"all",2115
"337","Pakistan",2019,"all",2849000
"338","Palau",2019,"all",34
"339","Panama",2019,"all",7853
"340","Papua New Guinea",2019,"all",188570
"341","Paraguay",2019,"all",16376
"342","Peru",2019,"all",191810
"343","Philippines",2019,"all",2996000
"344","Poland",2019,"all",28475
"345","Portugal",2019,"all",9954
"346","Puerto Rico",2019,"all",205
"347","Qatar",2019,"all",4935
"348","Republic of Korea",2019,"all",150378
"349","Republic of Moldova",2019,"all",16162
"350","Romania",2019,"all",63662
"351","Russian Federation",2019,"all",364010
"352","Rwanda",2019,"all",36020
"353","Saint Kitts and Nevis",2019,"all",0
"354","Saint Lucia",2019,"all",34
"355","Saint Vincent and the Grenadines",2019,"all",24
"356","Samoa",2019,"all",103
"357","San Marino",2019,"all",0
"358","Sao Tome and Principe",2019,"all",1234
"359","Saudi Arabia",2019,"all",16908
"360","Senegal",2019,"all",94700
"361","Serbia",2019,"all",6427
"362","Seychelles",2019,"all",79
"363","Sierra Leone",2019,"all",115980
"364","Singapore",2019,"all",11946
"365","Sint Maarten (Dutch part)",2019,"all",27
"366","Slovakia",2019,"all",1239
"367","Slovenia",2019,"all",559
"368","Solomon Islands",2019,"all",2225
"369","Somalia",2019,"all",199700
"370","South Africa",2019,"all",1799600
"371","South Sudan",2019,"all",125190
"372","Spain",2019,"all",21598
"373","Sri Lanka",2019,"all",68230
"374","Sudan",2019,"all",143330
"375","Suriname",2019,"all",833
"376","Sweden",2019,"all",2753
"377","Switzerland",2019,"all",2307
"378","Syrian Arab Republic",2019,"all",16134
"379","Tajikistan",2019,"all",38700
"380","Thailand",2019,"all",522400
"381","Timor-Leste",2019,"all",32270
"382","Togo",2019,"all",14988
"383","Tokelau",2019,"all",0
"384","Tonga",2019,"all",57
"385","Trinidad and Tobago",2019,"all",1251
"386","Tunisia",2019,"all",20555
"387","Turkey",2019,"all",64272
"388","Turkmenistan",2019,"all",13206
"389","Turks and Caicos Islands",2019,"all",22
"390","Tuvalu",2019,"all",172
"391","Uganda",2019,"all",440200
"392","Ukraine",2019,"all",169220
"393","United Arab Emirates",2019,"all",494
"394","United Kingdom of Great Britain and Northern Ireland",2019,"all",27017
"395","United Republic of Tanzania",2019,"all",684700
"396","United States of America",2019,"all",48714
"397","Uruguay",2019,"all",6087
"398","Uzbekistan",2019,"all",110570
"399","Vanuatu",2019,"all",623
"400","Venezuela (Bolivarian Republic of)",2019,"all",64430
"401","Viet Nam",2019,"all",849900
"402","Wallis and Futuna Islands",2019,"all",5
"403","Yemen",2019,"all",69660
"404","Zambia",2019,"all",297200
"405","Zimbabwe",2019,"all",144510
"406","Afghanistan",2019,"dia",6400
"407","Albania",2019,"dia",31
"408","Algeria",2019,"dia",2800
"409","Andorra",2019,"dia",0
"410","Angola",2019,"dia",7600
"411","Antigua and Barbuda",2019,"dia",0
"412","Argentina",2019,"dia",1120
"413","Armenia",2019,"dia",76
"414","Australia",2019,"dia",95
"415","Austria",2019,"dia",21
"416","Azerbaijan",2019,"dia",640
"417","Bahamas",2019,"dia",5
"418","Bahrain",2019,"dia",21
"419","Bangladesh",2019,"dia",30300
"420","Barbados",2019,"dia",0
"421","Belarus",2019,"dia",198
"422","Belgium",2019,"dia",44
"423","Belize",2019,"dia",11
"424","Benin",2019,"dia",404
"425","Bhutan",2019,"dia",131
"426","Bolivia (Plurinational State of)",2019,"dia",840
"427","Bosnia and Herzegovina",2019,"dia",63
"428","Botswana",2019,"dia",432
"429","Brazil",2019,"dia",7300
"430","Brunei Darussalam",2019,"dia",24
"431","Bulgaria",2019,"dia",99
"432","Burkina Faso",2019,"dia",542
"433","Burundi",2019,"dia",452
"434","Cabo Verde",2019,"dia",19
"435","Cambodia",2019,"dia",3020
"436","Cameroon",2019,"dia",2630
"437","Canada",2019,"dia",104
"438","Central African Republic",2019,"dia",1620
"439","Chad",2019,"dia",1360
"440","Chile",2019,"dia",329
"441","China",2019,"dia",69100
"442","Colombia",2019,"dia",1390
"443","Comoros",2019,"dia",19
"444","Congo",2019,"dia",1310
"445","Cook Islands",2019,"dia",0
"446","Costa Rica",2019,"dia",39
"447","Côte d'Ivoire",2019,"dia",2160
"448","Croatia",2019,"dia",22
"449","Cuba",2019,"dia",57
"450","Cyprus",2019,"dia",3
"451","Czechia",2019,"dia",38
"452","Democratic People's Republic of Korea",2019,"dia",6800
"453","Democratic Republic of the Congo",2019,"dia",14300
"454","Denmark",2019,"dia",11
"455","Djibouti",2019,"dia",160
"456","Dominica",2019,"dia",0
"457","Dominican Republic",2019,"dia",391
"458","Ecuador",2019,"dia",572
"459","Egypt",2019,"dia",1740
"460","El Salvador",2019,"dia",319
"461","Equatorial Guinea",2019,"dia",196
"462","Eritrea",2019,"dia",137
"463","Estonia",2019,"dia",10
"464","Eswatini",2019,"dia",337
"465","Ethiopia",2019,"dia",7200
"466","Fiji",2019,"dia",68
"467","Finland",2019,"dia",10
"468","France",2019,"dia",321
"469","Gabon",2019,"dia",940
"470","Gambia",2019,"dia",282
"471","Georgia",2019,"dia",342
"472","Germany",2019,"dia",247
"473","Ghana",2019,"dia",2370
"474","Greece",2019,"dia",28
"475","Grenada",2019,"dia",0
"476","Guatemala",2019,"dia",358
"477","Guinea",2019,"dia",1270
"478","Guinea-Bissau",2019,"dia",403
"479","Guyana",2019,"dia",58
"480","Haiti",2019,"dia",1390
"481","Honduras",2019,"dia",254
"482","Hungary",2019,"dia",44
"483","Iceland",2019,"dia",0
"484","India",2019,"dia",192000
"485","Indonesia",2019,"dia",51000
"486","Iran (Islamic Republic of)",2019,"dia",1140
"487","Iraq",2019,"dia",2230
"488","Ireland",2019,"dia",15
"489","Israel",2019,"dia",14
"490","Italy",2019,"dia",245
"491","Jamaica",2019,"dia",5
"492","Japan",2019,"dia",1100
"493","Jordan",2019,"dia",79
"494","Kazakhstan",2019,"dia",1380
"495","Kenya",2019,"dia",7100
"496","Kiribati",2019,"dia",82
"497","Kuwait",2019,"dia",157
"498","Kyrgyzstan",2019,"dia",650
"499","Lao People's Democratic Republic",2019,"dia",740
"500","Latvia",2019,"dia",32
"501","Lebanon",2019,"dia",99
"502","Lesotho",2019,"dia",1040
"503","Liberia",2019,"dia",940
"504","Libya",2019,"dia",530
"505","Lithuania",2019,"dia",86
"506","Luxembourg",2019,"dia",2
"507","Madagascar",2019,"dia",3010
"508","Malawi",2019,"dia",1430
"509","Malaysia",2019,"dia",2980
"510","Maldives",2019,"dia",18
"511","Mali",2019,"dia",670
"512","Malta",2019,"dia",3
"513","Marshall Islands",2019,"dia",28
"514","Mauritania",2019,"dia",311
"515","Mauritius",2019,"dia",15
"516","Mexico",2019,"dia",2990
"517","Micronesia (Federated States of)",2019,"dia",16
"518","Mongolia",2019,"dia",1320
"519","Montenegro",2019,"dia",5
"520","Morocco",2019,"dia",4200
"521","Mozambique",2019,"dia",4620
"522","Myanmar",2019,"dia",9500
"523","Namibia",2019,"dia",760
"524","Nauru",2019,"dia",4
"525","Nepal",2019,"dia",6440
"526","Netherlands",2019,"dia",36
"527","New Zealand",2019,"dia",22
"528","Nicaragua",2019,"dia",238
"529","Niger",2019,"dia",970
"530","Nigeria",2019,"dia",21700
"531","Niue",2019,"dia",0
"532","North Macedonia",2019,"dia",14
"533","Norway",2019,"dia",7
"534","Oman",2019,"dia",50
"535","Pakistan",2019,"dia",58000
"536","Palau",2019,"dia",0
"537","Panama",2019,"dia",127
"538","Papua New Guinea",2019,"dia",3760
"539","Paraguay",2019,"dia",237
"540","Peru",2019,"dia",2610
"541","Philippines",2019,"dia",36500
"542","Poland",2019,"dia",430
"543","Portugal",2019,"dia",129
"544","Qatar",2019,"dia",168
"545","Republic of Korea",2019,"dia",2390
"546","Republic of Moldova",2019,"dia",237
"547","Romania",2019,"dia",820
"548","Russian Federation",2019,"dia",5200
"549","Rwanda",2019,"dia",276
"550","Saint Kitts and Nevis",2019,"dia",0
"551","Saint Lucia",2019,"dia",0
"552","Saint Vincent and the Grenadines",2019,"dia",0
"553","Samoa",2019,"dia",3
"554","Sao Tome and Principe",2019,"dia",15
"555","Saudi Arabia",2019,"dia",522
"556","Senegal",2019,"dia",1240
"557","Serbia",2019,"dia",82
"558","Seychelles",2019,"dia",0
"559","Sierra Leone",2019,"dia",1310
"560","Singapore",2019,"dia",183
"561","Slovakia",2019,"dia",12
"562","Slovenia",2019,"dia",6
"563","Solomon Islands",2019,"dia",47
"564","Somalia",2019,"dia",2050
"565","South Africa",2019,"dia",33400
"566","Spain",2019,"dia",279
"567","Sri Lanka",2019,"dia",880
"568","Sudan",2019,"dia",2140
"569","Suriname",2019,"dia",16
"570","Sweden",2019,"dia",23
"571","Switzerland",2019,"dia",16
"572","Syrian Arab Republic",2019,"dia",387
"573","Tajikistan",2019,"dia",680
"574","Thailand",2019,"dia",8100
"575","Timor-Leste",2019,"dia",298
"576","Togo",2019,"dia",192
"577","Tonga",2019,"dia",1
"578","Trinidad and Tobago",2019,"dia",24
"579","Tunisia",2019,"dia",440
"580","Turkey",2019,"dia",1590
"581","Turkmenistan",2019,"dia",283
"582","Tuvalu",2019,"dia",4
"583","Uganda",2019,"dia",3180
"584","Ukraine",2019,"dia",2240
"585","United Arab Emirates",2019,"dia",12
"586","United Kingdom of Great Britain and Northern Ireland",2019,"dia",287
"587","United Republic of Tanzania",2019,"dia",6800
"588","United States of America",2019,"dia",720
"589","Uruguay",2019,"dia",102
"590","Uzbekistan",2019,"dia",1900
"591","Vanuatu",2019,"dia",14
"592","Venezuela (Bolivarian Republic of)",2019,"dia",1080
"593","Viet Nam",2019,"dia",8400
"594","Yemen",2019,"dia",1290
"595","Zambia",2019,"dia",3330
"596","Zimbabwe",2019,"dia",1780
"597","Afghanistan",2019,"hiv",660
"598","Albania",2019,"hiv",11
"599","Algeria",2019,"hiv",280
"600","Angola",2019,"hiv",7700
"601","Argentina",2019,"hiv",770
"602","Armenia",2019,"hiv",82
"603","Australia",2019,"hiv",23
"604","Austria",2019,"hiv",13
"605","Azerbaijan",2019,"hiv",91
"606","Bahamas",2019,"hiv",15
"607","Bahrain",2019,"hiv",13
"608","Bangladesh",2019,"hiv",680
"609","Belarus",2019,"hiv",190
"610","Belgium",2019,"hiv",42
"611","Belize",2019,"hiv",19
"612","Benin",2019,"hiv",1100
"613","Bhutan",2019,"hiv",2
"614","Bolivia (Plurinational State of)",2019,"hiv",590
"615","Bosnia and Herzegovina",2019,"hiv",1
"616","Botswana",2019,"hiv",2200
"617","Brazil",2019,"hiv",11000
"618","Brunei Darussalam",2019,"hiv",4
"619","Bulgaria",2019,"hiv",14
"620","Burkina Faso",2019,"hiv",780
"621","Burundi",2019,"hiv",980
"622","Cabo Verde",2019,"hiv",40
"623","Cambodia",2019,"hiv",1100
"624","Cameroon",2019,"hiv",12000
"625","Canada",2019,"hiv",92
"626","Central African Republic",2019,"hiv",6200
"627","Chad",2019,"hiv",4000
"628","Chile",2019,"hiv",370
"629","China",2019,"hiv",13000
"630","Colombia",2019,"hiv",2100
"631","Comoros",2019,"hiv",1
"632","Congo",2019,"hiv",5600
"633","Costa Rica",2019,"hiv",45
"634","Côte d'Ivoire",2019,"hiv",5900
"635","Croatia",2019,"hiv",3
"636","Cuba",2019,"hiv",78
"637","Cyprus",2019,"hiv",3
"638","Czechia",2019,"hiv",4
"639","Democratic People's Republic of Korea",2019,"hiv",1100
"640","Democratic Republic of the Congo",2019,"hiv",29000
"641","Denmark",2019,"hiv",7
"642","Djibouti",2019,"hiv",62
"643","Dominican Republic",2019,"hiv",1100
"644","Ecuador",2019,"hiv",1100
"645","Egypt",2019,"hiv",120
"646","El Salvador",2019,"hiv",230
"647","Equatorial Guinea",2019,"hiv",560
"648","Eritrea",2019,"hiv",120
"649","Estonia",2019,"hiv",18
"650","Eswatini",2019,"hiv",2100
"651","Ethiopia",2019,"hiv",9600
"652","Fiji",2019,"hiv",40
"653","Finland",2019,"hiv",4
"654","France",2019,"hiv",390
"655","Gabon",2019,"hiv",3500
"656","Gambia",2019,"hiv",640
"657","Georgia",2019,"hiv",50
"658","Germany",2019,"hiv",130
"659","Ghana",2019,"hiv",9300
"660","Greece",2019,"hiv",15
"661","Guatemala",2019,"hiv",550
"662","Guinea",2019,"hiv",5200
"663","Guinea-Bissau",2019,"hiv",2100
"664","Guyana",2019,"hiv",110
"665","Haiti",2019,"hiv",2800
"666","Honduras",2019,"hiv",170
"667","Hungary",2019,"hiv",6
"668","Iceland",2019,"hiv",0
"669","India",2019,"hiv",71000
"670","Indonesia",2019,"hiv",17000
"671","Iran (Islamic Republic of)",2019,"hiv",400
"672","Ireland",2019,"hiv",10
"673","Israel",2019,"hiv",9
"674","Italy",2019,"hiv",240
"675","Jamaica",2019,"hiv",12
"676","Japan",2019,"hiv",100
"677","Jordan",2019,"hiv",0
"678","Kazakhstan",2019,"hiv",690
"679","Kenya",2019,"hiv",34000
"680","Kuwait",2019,"hiv",3
"681","Kyrgyzstan",2019,"hiv",150
"682","Lao People's Democratic Republic",2019,"hiv",610
"683","Latvia",2019,"hiv",34
"684","Lebanon",2019,"hiv",7
"685","Lesotho",2019,"hiv",7500
"686","Liberia",2019,"hiv",2100
"687","Libya",2019,"hiv",43
"688","Lithuania",2019,"hiv",28
"689","Luxembourg",2019,"hiv",0
"690","Madagascar",2019,"hiv",730
"691","Malawi",2019,"hiv",12000
"692","Malaysia",2019,"hiv",1700
"693","Maldives",2019,"hiv",0
"694","Mali",2019,"hiv",980
"695","Malta",2019,"hiv",2
"696","Mauritania",2019,"hiv",110
"697","Mauritius",2019,"hiv",37
"698","Mexico",2019,"hiv",3500
"699","Mongolia",2019,"hiv",15
"700","Montenegro",2019,"hiv",0
"701","Morocco",2019,"hiv",430
"702","Mozambique",2019,"hiv",32000
"703","Myanmar",2019,"hiv",13000
"704","Namibia",2019,"hiv",3200
"705","Nepal",2019,"hiv",450
"706","Netherlands",2019,"hiv",28
"707","New Zealand",2019,"hiv",2
"708","Nicaragua",2019,"hiv",160
"709","Niger",2019,"hiv",710
"710","Nigeria",2019,"hiv",45000
"711","North Macedonia",2019,"hiv",2
"712","Norway",2019,"hiv",8
"713","Oman",2019,"hiv",11
"714","Pakistan",2019,"hiv",4800
"715","Panama",2019,"hiv",230
"716","Papua New Guinea",2019,"hiv",1300
"717","Paraguay",2019,"hiv",270
"718","Peru",2019,"hiv",2400
"719","Philippines",2019,"hiv",12000
"720","Poland",2019,"hiv",82
"721","Portugal",2019,"hiv",200
"722","Qatar",2019,"hiv",1
"723","Republic of Korea",2019,"hiv",300
"724","Republic of Moldova",2019,"hiv",330
"725","Romania",2019,"hiv",230
"726","Russian Federation",2019,"hiv",17000
"727","Rwanda",2019,"hiv",1400
"728","Saudi Arabia",2019,"hiv",73
"729","Senegal",2019,"hiv",950
"730","Serbia",2019,"hiv",3
"731","Sierra Leone",2019,"hiv",2900
"732","Singapore",2019,"hiv",44
"733","Slovakia",2019,"hiv",9
"734","Slovenia",2019,"hiv",1
"735","Somalia",2019,"hiv",350
"736","South Africa",2019,"hiv",187000
"737","Spain",2019,"hiv",330
"738","Sri Lanka",2019,"hiv",8
"739","Sudan",2019,"hiv",630
"740","Suriname",2019,"hiv",44
"741","Sweden",2019,"hiv",13
"742","Switzerland",2019,"hiv",22
"743","Syrian Arab Republic",2019,"hiv",2
"744","Tajikistan",2019,"hiv",220
"745","Thailand",2019,"hiv",10000
"746","Timor-Leste",2019,"hiv",55
"747","Togo",2019,"hiv",450
"748","Trinidad and Tobago",2019,"hiv",39
"749","Tunisia",2019,"hiv",49
"750","Turkey",2019,"hiv",150
"751","Turkmenistan",2019,"hiv",600
"752","Uganda",2019,"hiv",33000
"753","Ukraine",2019,"hiv",7800
"754","United Arab Emirates",2019,"hiv",1
"755","United Kingdom of Great Britain and Northern Ireland",2019,"hiv",200
"756","United Republic of Tanzania",2019,"hiv",31000
"757","United States of America",2019,"hiv",430
"758","Uruguay",2019,"hiv",160
"759","Uzbekistan",2019,"hiv",870
"760","Venezuela (Bolivarian Republic of)",2019,"hiv",970
"761","Viet Nam",2019,"hiv",5400
"762","Yemen",2019,"hiv",120
"763","Zambia",2019,"hiv",25000
"764","Zimbabwe",2019,"hiv",16000
"765","Albania",2019,"smk",136
"766","Algeria",2019,"smk",3750
"767","Andorra",2019,"smk",0
"768","Argentina",2019,"smk",2630
"769","Armenia",2019,"smk",224
"770","Australia",2019,"smk",247
"771","Austria",2019,"smk",143
"772","Azerbaijan",2019,"smk",1192
"773","Bahamas",2019,"smk",5
"774","Bahrain",2019,"smk",41
"775","Bangladesh",2019,"smk",68800
"776","Barbados",2019,"smk",0
"777","Belarus",2019,"smk",742
"778","Belgium",2019,"smk",238
"779","Benin",2019,"smk",417
"780","Bosnia and Herzegovina",2019,"smk",319
"781","Botswana",2019,"smk",1041
"782","Brazil",2019,"smk",13700
"783","Brunei Darussalam",2019,"smk",44
"784","Bulgaria",2019,"smk",475
"785","Burkina Faso",2019,"smk",1221
"786","Burundi",2019,"smk",1210
"787","Cambodia",2019,"smk",8180
"788","Cameroon",2019,"smk",3727
"789","Canada",2019,"smk",269
"790","Chad",2019,"smk",2145
"791","Chile",2019,"smk",1310
"792","China",2019,"smk",213500
"793","Colombia",2019,"smk",1560
"794","Comoros",2019,"smk",41
"795","Congo",2019,"smk",2528
"796","Cook Islands",2019,"smk",0
"797","Costa Rica",2019,"smk",53
"798","Côte d'Ivoire",2019,"smk",4462
"799","Croatia",2019,"smk",105
"800","Cuba",2019,"smk",213
"801","Cyprus",2019,"smk",19
"802","Czechia",2019,"smk",163
"803","Democratic People's Republic of Korea",2019,"smk",24000
"804","Denmark",2019,"smk",51
"805","Dominican Republic",2019,"smk",431
"806","Egypt",2019,"smk",2309
"807","El Salvador",2019,"smk",449
"808","Eritrea",2019,"smk",161
"809","Estonia",2019,"smk",49
"810","Eswatini",2019,"smk",382
"811","Ethiopia",2019,"smk",5450
"812","Fiji",2019,"smk",111
"813","Finland",2019,"smk",47
"814","France",2019,"smk",1750
"815","Gambia",2019,"smk",613
"816","Georgia",2019,"smk",856
"817","Germany",2019,"smk",1360
"818","Ghana",2019,"smk",1576
"819","Greece",2019,"smk",162
"820","Guyana",2019,"smk",87
"821","Haiti",2019,"smk",1550
"822","Hungary",2019,"smk",174
"823","Iceland",2019,"smk",1
"824","India",2019,"smk",309700
"825","Indonesia",2019,"smk",208100
"826","Iran (Islamic Republic of)",2019,"smk",1126
"827","Iraq",2019,"smk",2686
"828","Ireland",2019,"smk",64
"829","Israel",2019,"smk",61
"830","Italy",2019,"smk",990
"831","Jamaica",2019,"smk",6
"832","Japan",2019,"smk",3680
"833","Kazakhstan",2019,"smk",3070
"834","Kenya",2019,"smk",15120
"835","Kiribati",2019,"smk",182
"836","Kuwait",2019,"smk",189
"837","Kyrgyzstan",2019,"smk",1743
"838","Lao People's Democratic Republic",2019,"smk",2820
"839","Latvia",2019,"smk",169
"840","Lebanon",2019,"smk",252
"841","Lesotho",2019,"smk",4007
"842","Liberia",2019,"smk",1068
"843","Lithuania",2019,"smk",310
"844","Luxembourg",2019,"smk",12
"845","Madagascar",2019,"smk",11910
"846","Malawi",2019,"smk",2900
"847","Malaysia",2019,"smk",6656
"848","Mali",2019,"smk",1273
"849","Malta",2019,"smk",14
"850","Mauritius",2019,"smk",31
"851","Mexico",2019,"smk",4280
"852","Mongolia",2019,"smk",3288
"853","Morocco",2019,"smk",5065
"854","Mozambique",2019,"smk",13180
"855","Myanmar",2019,"smk",30200
"856","Namibia",2019,"smk",2370
"857","Nauru",2019,"smk",6
"858","Nepal",2019,"smk",13920
"859","Netherlands",2019,"smk",199
"860","New Zealand",2019,"smk",52
"861","Niger",2019,"smk",1543
"862","Nigeria",2019,"smk",18300
"863","Norway",2019,"smk",29
"864","Oman",2019,"smk",38
"865","Pakistan",2019,"smk",102400
"866","Palau",2019,"smk",0
"867","Panama",2019,"smk",97
"868","Paraguay",2019,"smk",442
"869","Peru",2019,"smk",4060
"870","Philippines",2019,"smk",138000
"871","Poland",2019,"smk",1490
"872","Portugal",2019,"smk",523
"873","Qatar",2019,"smk",151
"874","Republic of Korea",2019,"smk",6880
"875","Republic of Moldova",2019,"smk",867
"876","Romania",2019,"smk",3190
"877","Russian Federation",2019,"smk",20300
"878","Rwanda",2019,"smk",886
"879","Samoa",2019,"smk",4
"880","Sao Tome and Principe",2019,"smk",11
"881","Saudi Arabia",2019,"smk",506
"882","Senegal",2019,"smk",1565
"883","Serbia",2019,"smk",458
"884","Seychelles",2019,"smk",3
"885","Sierra Leone",2019,"smk",4060
"886","Singapore",2019,"smk",416
"887","Slovakia",2019,"smk",58
"888","Slovenia",2019,"smk",22
"889","Solomon Islands",2019,"smk",127
"890","South Africa",2019,"smk",69000
"891","Spain",2019,"smk",1080
"892","Sri Lanka",2019,"smk",2126
"893","Sweden",2019,"smk",88
"894","Switzerland",2019,"smk",106
"895","Thailand",2019,"smk",23280
"896","Timor-Leste",2019,"smk",2050
"897","Togo",2019,"smk",244
"898","Tonga",2019,"smk",2
"899","Tunisia",2019,"smk",792
"900","Turkey",2019,"smk",3650
"901","Tuvalu",2019,"smk",7
"902","Uganda",2019,"smk",6680
"903","Ukraine",2019,"smk",8750
"904","United Arab Emirates",2019,"smk",14
"905","United Kingdom of Great Britain and Northern Ireland",2019,"smk",1000
"906","United Republic of Tanzania",2019,"smk",14940
"907","United States of America",2019,"smk",2060
"908","Uruguay",2019,"smk",259
"909","Uzbekistan",2019,"smk",2463
"910","Vanuatu",2019,"smk",18
"911","Yemen",2019,"smk",2000
"912","Zambia",2019,"smk",8030
"913","Zimbabwe",2019,"smk",4076
"914","Afghanistan",2019,"und",28000
"915","Albania",2019,"und",56
"916","Algeria",2019,"und",2100
"917","Angola",2019,"und",40000
"918","Argentina",2019,"und",1200
"919","Armenia",2019,"und",67
"920","Australia",2019,"und",90
"921","Austria",2019,"und",29
"922","Azerbaijan",2019,"und",310
"923","Bangladesh",2019,"und",88000
"924","Barbados",2019,"und",0
"925","Belarus",2019,"und",140
"926","Belgium",2019,"und",53
"927","Belize",2019,"und",14
"928","Benin",2019,"und",1200
"929","Bolivia (Plurinational State of)",2019,"und",3300
"930","Bosnia and Herzegovina",2019,"und",46
"931","Botswana",2019,"und",2100
"932","Brazil",2019,"und",5000
"933","Brunei Darussalam",2019,"und",18
"934","Bulgaria",2019,"und",100
"935","Burkina Faso",2019,"und",2900
"936","Cabo Verde",2019,"und",55
"937","Cambodia",2019,"und",13000
"938","Cameroon",2019,"und",8300
"939","Canada",2019,"und",110
"940","Central African Republic",2019,"und",15000
"941","Chad",2019,"und",10000
"942","Chile",2019,"und",190
"943","China",2019,"und",132000
"944","China, Hong Kong SAR",2019,"und",240
"945","China, Macao SAR",2019,"und",82
"946","Colombia",2019,"und",1700
"947","Congo",2019,"und",9400
"948","Costa Rica",2019,"und",48
"949","Côte d'Ivoire",2019,"und",10000
"950","Croatia",2019,"und",17
"951","Cuba",2019,"und",38
"952","Cyprus",2019,"und",6
"953","Czechia",2019,"und",27
"954","Democratic People's Republic of Korea",2019,"und",68000
"955","Denmark",2019,"und",15
"956","Djibouti",2019,"und",670
"957","Dominica",2019,"und",1
"958","Dominican Republic",2019,"und",770
"959","Ecuador",2019,"und",1200
"960","Egypt",2019,"und",1000
"961","El Salvador",2019,"und",620
"962","Estonia",2019,"und",10
"963","Eswatini",2019,"und",1300
"964","Ethiopia",2019,"und",49000
"965","Fiji",2019,"und",44
"966","Finland",2019,"und",13
"967","France",2019,"und",290
"968","French Polynesia",2019,"und",4
"969","Gabon",2019,"und",2100
"970","Gambia",2019,"und",680
"971","Georgia",2019,"und",440
"972","Germany",2019,"und",250
"973","Ghana",2019,"und",4700
"974","Greece",2019,"und",23
"975","Guatemala",2019,"und",1200
"976","Guinea",2019,"und",6000
"977","Guinea-Bissau",2019,"und",2600
"978","Guyana",2019,"und",93
"979","Haiti",2019,"und",10000
"980","Honduras",2019,"und",670
"981","Hungary",2019,"und",31
"982","Iceland",2019,"und",0
"983","India",2019,"und",639000
"984","Indonesia",2019,"und",131000
"985","Iran (Islamic Republic of)",2019,"und",1000
"986","Iraq",2019,"und",6300
"987","Ireland",2019,"und",14
"988","Israel",2019,"und",13
"989","Italy",2019,"und",220
"990","Jamaica",2019,"und",14
"991","Japan",2019,"und",870
"992","Jordan",2019,"und",120
"993","Kazakhstan",2019,"und",660
"994","Kenya",2019,"und",55000
"995","Kiribati",2019,"und",28
"996","Kuwait",2019,"und",52
"997","Kyrgyzstan",2019,"und",950
"998","Lao People's Democratic Republic",2019,"und",3000
"999","Latvia",2019,"und",25
"1000","Lebanon",2019,"und",170
"1001","Lesotho",2019,"und",3100
"1002","Liberia",2019,"und",6900
"1003","Lithuania",2019,"und",60
"1004","Luxembourg",2019,"und",2
"1005","Madagascar",2019,"und",31000
"1006","Malawi",2019,"und",7600
"1007","Malaysia",2019,"und",1500
"1008","Maldives",2019,"und",35
"1009","Mali",2019,"und",1300
"1010","Malta",2019,"und",3
"1011","Mauritania",2019,"und",750
"1012","Mauritius",2019,"und",18
"1013","Mexico",2019,"und",2200
"1014","Mongolia",2019,"und",3100
"1015","Montenegro",2019,"und",4
"1016","Morocco",2019,"und",2500
"1017","Mozambique",2019,"und",42000
"1018","Myanmar",2019,"und",33000
"1019","Namibia",2019,"und",4500
"1020","Nepal",2019,"und",11000
"1021","Netherlands",2019,"und",44
"1022","New Caledonia",2019,"und",3
"1023","New Zealand",2019,"und",18
"1024","Nicaragua",2019,"und",760
"1025","Niger",2019,"und",5200
"1026","Nigeria",2019,"und",100000
"1027","North Macedonia",2019,"und",16
"1028","Norway",2019,"und",9
"1029","Oman",2019,"und",55
"1030","Pakistan",2019,"und",176000
"1031","Panama",2019,"und",280
"1032","Paraguay",2019,"und",620
"1033","Peru",2019,"und",6800
"1034","Philippines",2019,"und",135000
"1035","Poland",2019,"und",300
"1036","Portugal",2019,"und",100
"1037","Republic of Korea",2019,"und",1600
"1038","Romania",2019,"und",670
"1039","Russian Federation",2019,"und",3800
"1040","Rwanda",2019,"und",3200
"1041","Saint Vincent and the Grenadines",2019,"und",0
"1042","Samoa",2019,"und",1
"1043","Sao Tome and Principe",2019,"und",32
"1044","Saudi Arabia",2019,"und",460
"1045","Senegal",2019,"und",3800
"1046","Serbia",2019,"und",140
"1047","Sierra Leone",2019,"und",8300
"1048","Slovakia",2019,"und",17
"1049","Slovenia",2019,"und",5
"1050","Solomon Islands",2019,"und",72
"1051","South Africa",2019,"und",43000
"1052","Spain",2019,"und",220
"1053","Sri Lanka",2019,"und",2200
"1054","Sudan",2019,"und",8700
"1055","Suriname",2019,"und",26
"1056","Sweden",2019,"und",28
"1057","Switzerland",2019,"und",24
"1058","Thailand",2019,"und",15000
"1059","Timor-Leste",2019,"und",2300
"1060","Togo",2019,"und",780
"1061","Trinidad and Tobago",2019,"und",26
"1062","Tunisia",2019,"und",360
"1063","Turkey",2019,"und",670
"1064","Turkmenistan",2019,"und",280
"1065","Uganda",2019,"und",42000
"1066","Ukraine",2019,"und",2400
"1067","United Arab Emirates",2019,"und",5
"1068","United Kingdom of Great Britain and Northern Ireland",2019,"und",280
"1069","United Republic of Tanzania",2019,"und",55000
"1070","United States of America",2019,"und",510
"1071","Uruguay",2019,"und",63
"1072","Uzbekistan",2019,"und",2700
"1073","Vanuatu",2019,"und",17
"1074","Venezuela (Bolivarian Republic of)",2019,"und",4100
"1075","Viet Nam",2019,"und",29000
"1076","Yemen",2019,"und",6400
"1077","Zambia",2019,"und",30000
"1078","Zimbabwe",2019,"und",15000
